{
  "interpretability": {
    "MW": {
      "pearson_r": 0.05814513153743839,
      "pearson_p": 0.4134517801871309,
      "spearman_rho": -0.01746925666862902
    },
    "LogP": {
      "pearson_r": 0.14064926594614285,
      "pearson_p": 0.04697793166480434,
      "spearman_rho": 0.09365492180001501
    },
    "TPSA": {
      "pearson_r": -0.08941677719972851,
      "pearson_p": 0.20797914394343942,
      "spearman_rho": -0.10551711430583224
    },
    "HBD": {
      "pearson_r": -0.07637426456999413,
      "pearson_p": 0.2824213306726077,
      "spearman_rho": 0.035905851182800104
    },
    "HBA": {
      "pearson_r": -0.14761480623106818,
      "pearson_p": 0.036983639714824046,
      "spearman_rho": -0.1959330326066492
    },
    "RotBonds": {
      "pearson_r": 0.04273710831588189,
      "pearson_p": 0.5479197578056594,
      "spearman_rho": 0.018358595196218293
    },
    "HeavyAtoms": {
      "pearson_r": 0.009679122250851862,
      "pearson_p": 0.8917986296903861,
      "spearman_rho": -0.025313583189965887
    }
  },
  "restart_outcomes": [
    0.7234992508562905,
    0.7113590435690682,
    0.6129720798001176,
    0.6650702618026115,
    0.7098038822285314,
    0.6853941757356204,
    0.665360503859765,
    0.6479560868894311,
    0.681412405694857,
    0.7006993413103899,
    0.70845606581445,
    0.6855660441265834,
    0.7193502817410438,
    0.6635713443174962,
    0.6913617556640396,
    0.7041708437650259,
    0.6550969552081931,
    0.7124767940381568,
    0.6660532058256542,
    0.7334538911053446
  ],
  "restart_performance_curve": {
    "1": {
      "mean": 0.6888708193617782,
      "std": 0.028748404257502833,
      "min": 0.6129720798001176,
      "max": 0.7334538911053446
    },
    "2": {
      "mean": 0.7013730965822833,
      "std": 0.020822660158357157,
      "min": 0.6635713443174962,
      "max": 0.7334538911053446
    },
    "3": {
      "mean": 0.7117465070934298,
      "std": 0.016007456327039767,
      "min": 0.665360503859765,
      "max": 0.7334538911053446
    },
    "5": {
      "mean": 0.7186065124165423,
      "std": 0.012289091993030375,
      "min": 0.681412405694857,
      "max": 0.7334538911053446
    },
    "7": {
      "mean": 0.7230335345838713,
      "std": 0.008923318460715021,
      "min": 0.6855660441265834,
      "max": 0.7334538911053446
    },
    "10": {
      "mean": 0.7263908574424657,
      "std": 0.00769022641776203,
      "min": 0.7098038822285314,
      "max": 0.7334538911053446
    },
    "15": {
      "mean": 0.7304899549053089,
      "std": 0.005037143024293702,
      "min": 0.7124767940381568,
      "max": 0.7334538911053446
    },
    "20": {
      "mean": 0.7334538911053446,
      "std": 0.0,
      "min": 0.7334538911053446,
      "max": 0.7334538911053446
    }
  },
  "weight_similarity_stats": {
    "mean_similarity": 0.7090073149455222,
    "std_similarity": 0.003553827389888041,
    "top5_mean_similarity": 0.7071534812450408
  }
}